TICKET,CODIGO
3R PETROLEUMON,RRRP3
524 PARTICIPON,QVQP3B
ABC BRASILPN,ABCB4
ACO ALTONAON,EALT3
ACO ALTONAPN,EALT4
AERISON,AERI3
AES TIETE EON,TIET3
AES TIETE EPN,TIET4
AES TIETE EUNT N2,TIET11
AFLUENTE TON,AFLT3
AIRBNB,AIRB34
ALEF S/AON,ALEF3B
ALFA CONSORCON,BRGE3
ALFA CONSORCPNA,BRGE5
ALFA CONSORCPNB,BRGE6
ALFA CONSORCPNC,BRGE7
ALFA CONSORCPND,BRGE8
ALFA CONSORCPNE,BRGE11
ALFA CONSORCPNF,BRGE12
ALFA FINANCON,CRIV3
ALFA FINANCPN,CRIV4
ALFA HOLDINGON,RPAD3
ALFA HOLDINGPNA,RPAD5
ALFA HOLDINGPNB,RPAD6
ALFA INVESTON,BRIV3
ALFA INVESTPN,BRIV4
ALIANSCSONAEON,ALSO3
ALIPERTION,APTI3
ALIPERTIPN,APTI4
ALL NORTEON,FRRN3B
ALL NORTEPNA,FRRN5B
ALL NORTEPNB,FRRN6B
ALLIARON,AALR3
ALPARGATASON,ALPA3
ALPARGATASPN,ALPA4
ALPER S.A.ON,APER3
ALPHABET ,GOGL34
ALPHAVILLEON,AVLL3
ALUPARON,ALUP3
ALUPARPN,ALUP4
ALUPARUNT N2,ALUP11
AMAZONIAON,BAZA3
AMBEV S/AON,ABEV3
AMBIPARON,AMBP3
AMPLA ENERGON,CBEE3
ANIMAON,ANIM3
AREZZO COON,ARZZ3
ATMASAON,ATMP3
ATOMPARON,ATOM3
AURA 360ON,AURA33
AZEVEDOON,AZEV3
AZEVEDOPN,AZEV4
AZUL S.A.PN,AZUL4
B2W - COMPANON,BTOW3
B2W DIGITALON,BTOW3
B3ON,B3SA3
BAHEMAON,BAHI3
BANCO BMGPN,BMGB4
BANCO INTERON,BIDI3
BANCO INTERPN,BIDI4
BANCO INTERUNT,BIDI11
BANCO PANPN,BPAN4
BANESEON,BGIP3
BANESEPN,BGIP4
BANESTESON,BEES3
BANESTESPN,BEES4
BANPARAON,BPAR3
BANRISULON,BRSR3
BANRISULPNA,BRSR5
BANRISULPNB,BRSR6
BARDELLAON,BDLL3
BARDELLAPN,BDLL4
BATTISTELLAON,BTTL3
BAUMERON,BALM3
BAUMERPN,BALM4
BBMLOGISTICAON,BBML3
BBSEGURIDADEON,BBSE3
BCO BRADESCOPN,BBDC4
BCO BRASIL SON,BBAS3
BCO ESTADO DPNB,BRSR6
BEMOBI TECHON,BMOB3
BETAPARTON,BETP3B
BIC MONARKON,BMKS3
BIOMMON,BIOM3
BIOSEVON,BSEV3
BK BRASILON,BKBR3
BMFBOVESPAON,B3SA3
BOA VISTAON,BOAS3
BOMBRILON,BOBR3
BOMBRILPN,BOBR4
BR BROKERSON,BBRK3
BR MALLS PARON,BRML3
BR PROPERTON,BRPR3
BRADESCOON,BBDC3
BRADESCOPN,BBDC4
BRADESPARON,BRAP3
BRADESPARPN,BRAP4
BRASILAGROON,AGRO3
BRASILON,BBAS3
BRASKEMON,BRKM3
BRASKEMPNA,BRKM5
BRASKEMPNB,BRKM6
BRB BANCOON,BSLI3
BRB BANCOPN,BSLI4
BRF S.A.ON,BRFS3
BRF SAON,BRFS3
BRLLS PARON,BRML3
BRQON,BRQB3
BTGP BANCOON,BPAC3
BTGP BANCOPNA,BPAC5
BTGP BANCOUNT,BPAC11
CABINDA PARTON,CABI3B
CACONDE PARTON,CACO3B
CAMBUCION,CAMB3
CAMILON,CAML3
CARREFOUR BRON,CRFB3
CASANON,CASN3
CASANPN,CASN4
CCR S.A.ON,CCRO3
CCR S.A.ON ED,CCRO3
CCR SAON,CCRO3
CEA MODASON,CEAB3
CEBON,CEBR3
CEBPNA,CEBR5
CEBPNB,CEBR6
CEDROON,CEDO3
CEDROPN,CEDO4
CEEE-DON,CEED3
CEEE-DPN,CEED4
CEEE-GTON,EEEL3
CEEE-GTPN,EEEL4
CEGON,CEGR3
CELESCON,CLSC3
CELESCPN,CLSC4
CELGPARON,GPAR3
CELPEON,CEPE3
CELPEPNA,CEPE5
CELPEPNB,CEPE6
CEMEPEON,MAPT3
CEMEPEPN,MAPT4
CEMIGON,CMIG3
CEMIGPN,CMIG4
CENTAUROON,CNTO3
CENTRAIS ELEON,ELET3
CESPON,CESP3
CESPPNA,CESP5
CESPPNB,CESP6
CIA FERRO LIPN,FESA4
CIA HERINGON,HGTX3
CIA LOCAÇÃOON,LCAM3
CIA SANEAMENON,SAPR3
CIA SIDERURGON,CSNA3
CIELOON,CIEL3
CIMSON,CMSA3
CIMSPN,CMSA4
CINESYSTEMON,CNSY3
COELBAON,CEEB3
COELBAPNA,CEEB5
COELBAPNB,CEEB6
COELCEON,COCE3
COELCEPNA,COCE5
COELCEPNB,COCE6
COGNA ONON,COGN3
COMGASON,CGAS3
COMGASPNA,CGAS5
CONC RIO TERON,CRTE3B
CONC RIO TERPNA,CRTE5B
CONST A LINDON,CALI3
CONST A LINDPN,CALI4
COPASAON,CSMG3
COPELON,CPLE3
COPELPNA,CPLE5
COPELPNB,CPLE6
COR RIBEIROON,CORR3
COR RIBEIROPN,CORR4
COSAN LOGON,RLOG3
COSANON,CSAN3
COSERNON,CSRN3
COSERNPNA,CSRN5
COSERNPNB,CSRN6
COTEMINASON,CTNM3
COTEMINASPN,CTNM4
CPFL ENERGIAON,CPFE3
CPFL ENERGIAON ED,CPFE3
CR2ON,CRDE3
CRISTALON,CRPG3
CRISTALPNA,CRPG5
CRISTALPNB,CRPG6
CRUZEIRO EDUON,CSED3
CSN MINERACAON,CMIN3
CSU CARDSYSTON,CARD3
CTC S.A.ON,CTCA3
CURY S/AON,CURY3
CVC BRASILON,CVCB3
CYRE COM-CCPON,CCPR3
CYRELA REALTON,CYRE3
D1000VFARMAON,DMVF3
DASAON,DASA3
DIMEDON,PNVL3
DIMEDPN,PNVL4
DIRECIONALON,DIRR3
DOHLERON,DOHL3
DOHLERPN,DOHL4
DOMMOON,DMMO3
DTCOM DIRECTON,DTCY3
DTCOM DIRECTPN,DTCY4
DURATEXON,DTEX3
ECORODOVIASON,ECOR3
ELEKTROON,EKTR3
ELEKTROPN,EKTR4
ELETROBRASON,ELET3
ELETROBRASPNA,ELET5
ELETROBRASPNB,ELET6
ELETROMIDIAON,ELMD3
ELETROPARON,LIPR3
ELETROPAULOPN,ELPL4
EMAEON,EMAE3
EMAEPN,EMAE4
EMBRAERON,EMBR3
EMBRATEL PARON,EBTP3
EMBRATEL PARPN,EBTP4
ENAUTA PARTON,ENAT3
ENCORPARON,ECPR3
ENCORPARPN,ECPR4
ENERGIAS BRON,ENBR3
ENERGISA MTON,ENMT3
ENERGISA MTPN,ENMT4
ENERGISAON,ENGI3
ENERGISAPN,ENGI4
ENERGISAUNT N2,ENGI11
ENEVAON,ENEV3
ENGIE BRASILON,EGIE3
ENJOEION,ENJU3
EQTL MARANHAOON,EQMA3B
EQTL MARANHAOPNA,EQMA5B
EQTL MARANHAOPNB,EQMA6B
EQTL PARAON,EQPA3
EQTL PARAPNA,EQPA5
EQTL PARAPNB,EQPA6
EQTL PARAPNC,EQPA7
EQUATORIALON,EQTL3
ESPACOLASERON,ESPA3
ESTACIO PARTON,YDUQ3
ESTAPARON,ALPK3
ESTRELAON,ESTR3
ESTRELAPN,ESTR4
ETERNITON,ETER3
EUCATEXON,EUCA3
EUCATEXPN,EUCA4
EVENON,EVEN3
EXCELSIORON,BAUH3
EXCELSIORPN,BAUH4
EZ TEC EMPREON,EZTC3
EZTECON,EZTC3
FER HERINGERON,FHER3
FERBASAON,FESA3
FERBASAPN,FESA4
FIBRIA CELULON,FIBR3
FINANSINOSON,FNCN3
FLEURYON,FLRY3
FLEX S/AON,FLEX3
FOCUS ONON,POWE3
FRAS-LEON,FRAS3
GAFISAON,GFSA3
GAMA PARTON,OPGM3B
GENERALSHOPPON,GSHP3
GER PARANAPON,GEPA3
GER PARANAPPN,GEPA4
GERDAU METON,GOAU3
GERDAU METPN,GOAU4
GERDAUON,GGBR3
GERDAUPN,GGBR4
GOLPN,GOLL4
GP INVESTA,GPIV33
GPC PARTON,GPCP3
GPC PARTPN,GPCP4
GPSON,GGPS3
GRAZZIOTINON,CGRA3
GRAZZIOTINPN,CGRA4
GRENDENEON,GRND3
GRUPO MATEUSON,GMAT3
GRUPO NATURA,NTCO3
GRUPO NATURAON,NTCO3
GRUPO SOMAON,SOMA3
GUARARAPESON,GUAR3
HABITASULON,HBTS3
HABITASULPNA,HBTS5
HABITASULPNB,HBTS6
HAGA S/AON,HAGA3
HAGA S/APN,HAGA4
HAPVIDAON,HAPV3
HBR REALTYON,HBRE3
HELBORON,HBOR3
HERCULESON,HETA3
HERCULESPN,HETA4
HIDROVIASON,HBSA3
HOTEIS OTHONON,HOOT3
HOTEIS OTHONPN,HOOT4
HYPERAON,HYPE3
IGB S/AON,IGBR3
IGUA SAON,IGSN3
IGUATEMION,IGTA3
IHPARDINION,PARD3
IMC S/AON,MEAL3
IND CATAGUASON,CATA3
IND CATAGUASPN,CATA4
INDS ROMION,ROMI3
INDUSTRIAS RON,ROMI3
INEPARON,INEP3
INEPARPN,INEP4
INTELBRASON,INTB3
INTER SAON,INNT3
INTERMEDICAON,GNDI3
INVEPARON,IVPR3B
INVEPARPN,IVPR4B
INVEST BEMGEON,FIGE3
INVEST BEMGEPN,FIGE4
IOCHP-MAXIONON,MYPK3
IRANION,RANI3
IRBBRASIL REON,IRBR3
ISHARES BOVACI,BOVA11
ITAUBANCOPN,ITUB4
ITAUSAON,ITSA3
ITAUSAPN,ITSA4
ITAUUNIBANCOON,ITUB3
ITAUUNIBANCOPN,ITUB4
J B DUARTEON,JBDU3
J B DUARTEPN,JBDU4
JALLESMACHADON,JALL3
JBSON,JBSS3
JEREISSATI PPN,JPSA3
JEREISSATION,JPSA3
JHSF PARTON,JHSF3
JOAO FORTESON,JFEN3
JOSAPARON,JOPA3
JOSAPARPN,JOPA4
JSLON,JSLG3
KARSTENON,CTKA3
KARSTENPN,CTKA4
KEPLER WEBERON,KEPL3
KLABIN S.A.UNT,KLBN11
KLABIN S/AON,KLBN3
KLABIN S/APN,KLBN4
KLABIN S/AUNT N2,KLBN11
KROTON EDUCAON,COGN3
KROTONON,COGN3
KROTONUCAON,COGN3
LAVVION,LAVV3
LE LIS BLANCON,LLIS3
LIFEMEDON,LMED3
LIGHT S/AON,LIGT3
LINXON,LINX3
LITELAON,LTLA3B
LITELON,LTEL3B
LOCALIZAON,RENT3
LOCAMERICAON,LCAM3
LOCAWEBON,LWSA3
LOG COM PROPON,LOGG3
LOG-INON,LOGN3
LOJAS AMERICON,LAME3
LOJAS AMERICPN,LAME4
LOJAS MARISAON,AMAR3
LOJAS RENNERON,LREN3
LOPES BRASILON,LPSB3
LUPATECHON,LUPA3
M.DIASBRANCOON,MDIA3
MAESTROLOCON,MSRO3
MAGAZ LUIZAON,MGLU3
MAGAZINE LUION,MGLU3
MANGELS INDLON,MGEL3
MANGELS INDLPN,MGEL4
MARCOPOLO S.ON,POMO3
MARCOPOLO S.PN,POMO4
MARCOPOLOON,POMO3
MARCOPOLOPN,POMO4
MARFRIGON,MRFG3
MATER DEION,MATD3
MATERDEION,MATD3
MELHOR SPON,MSPA3
MELHOR SPPN,MSPA4
MELIUZON,CASH3
MELNICKON,MELK3
MENEZES CORTON,MNZC3B
MERC BRASILON,BMEB3
MERC BRASILPN,BMEB4
MERC FINANCON,MERC3
MERC FINANCPN,MERC4
MERC INVESTON,BMIN3
MERC INVESTPN,BMIN4
METAL IGUACUON,MTIG3
METAL IGUACUPN,MTIG4
METAL LEVEON,LEVE3
METALFRIOON,FRIO3
METISAON,MTSA3
METISAPN,MTSA4
MICROSOFT ,MSFT34
MILLSON,MILS3
MINASMAQUINASON,MMAQ3
MINASMAQUINASPN,MMAQ4
MINERVAON,BEEF3
MINUPARON,MNPR3
MITREON,MTRE3
MMX MINERON,MMXM3
MOBLYON,MBLY3
MONT ARANHAON,MOAR3
MOSAICO SAON,MOSI3
MOURA DUBEUXON,MDNE3
MOVIDAON,MOVI3
MRS LOGISTON,MRSA3B
MRS LOGISTPNA,MRSA5B
MRS LOGISTPNB,MRSA6B
MRVON,MRVE3
MULTIPLANON,MULT3
MUNDIALON,MNDL3
NEOENERGIAON,NEOE3
NEOGRIDON,NGRD3
NORD BRASILON,BNBR3
NORDON METON,NORD3
NORTCQUIMICAON,NRTQ3
NUTRIPLANTON,NUTR3
OCEANPACTON,OPCT3
ODERICHON,ODER3
ODERICHPN,ODER4
ODONTOPREVON,ODPV3
OION,OIBR3
OIPN,OIBR4
OMEGA GERON,OMGE3
OPPORT ENERGON,OPHE3B
ORIZONON,ORVR3
OSX BRASILON,OSXB3
OUROFINO S/AON,OFSA3
P.ACUCAR-CBDON,PCAR3
PADTECON,PDTC3
PAGUE MENOSON,PGMN3
PANATLANTICAON,PATI3
PANATLANTICAPN,PATI4
PAR AL BAHIAON,PEAB3
PAR AL BAHIAPN,PEAB4
PARANAPANEMA,PMAM3
PARANAPANEMAON,PMAM3
PBG S/AON,PTBL3
PDG REALTON,PDGR3
PET MANGUINHON,RPMG3
PETROBRAS BRON,BRDT3
PETROBRASON,PETR3
PETROBRASPN,PETR4
PETRORIOON,PRIO3
PETTENATION,PTNT3
PETTENATION,PTNT3
PETTENATIPN,PTNT4
PETZON,PETZ3
PINEON,PINE3
PINEPN,PINE4
PLANOEPLANOON,PLPL3
PLASCAR PARTON,PLAS3
POLPARON,PPAR3
POMIFRUTASON,FRTA3
PORTO SEGUROON,PSSA3
PORTOBELLOON,PTBL3
POSITIVO TECON,POSI3
PPLAUNT,PPLA11
PRATICAON,PTCA3
PRATICAPN RESG,PTCA11
PRINERON,PRNR3
PROFARMAON,PFRM3
PROMPTON,PRPT3B
QUALICORPON,QUAL3
QUALITY SOFTON,QUSW3
QUERO-QUEROON,LJQQ3
RAIADROGASILON,RADL3
RANDON PARTON,RAPT3
RANDON PARTPN,RAPT4
RECRUSULON,RCSL3
RECRUSULPN,RCSL4
REDE D ORON,RDOR3
REDE ENERGIAON,REDE3
RENOVAON,RNEW3
RENOVAPN,RNEW4
RENOVAUNT N2,RNEW11
RIOSULENSEON,RSUL3
RIOSULENSEPN,RSUL4
RNION,RDNI3
ROSSI RESIDON,RSID3
RUMO LOGON,RAIL3
RUMO S.A.ON,RAIL3
SABESPON,SBSP3
SANEPARON,SAPR3
SANEPARPN,SAPR4
SANEPARUNT N2,SAPR11
SANSUYON,SNSY3
SANSUYPNA,SNSY5
SANSUYPNB,SNSY6
SANTANDER BRON,SANB3
SANTANDER BRPN,SANB4
SANTANDER BRUNT,SANB11
SANTANENSEON,CTSA3
SANTANENSEPN,CTSA4
SANTANENSEPND,CTSA8
SANTOS BRPON,STBP3
SAO CARLOSON,SCAR3
SAO MARTINHOON,SMTO3
SARAIVA LIVRON,SLED3
SARAIVA LIVRPN,SLED4
SCHULZON,SHUL3
SCHULZPN,SHUL4
SEG AL BAHIAON,CSAB3
SEG AL BAHIAPN,CSAB4
SEQUOIA LOGON,SEQL3
SER EDUCAON,SEER3
SERUCAON,SEER3
SID NACIONALON,CSNA3
SIMPARON,SIMH3
SINQIAON,SQIA3
SLC AGRICOLAON,SLCE3
SLC AGRICOLAON ED,SLCE3
SMART FITON,SMFT3
SMILESON,SMLS3
SONDOTECNICAON,SOND3
SONDOTECNICAPNA,SOND5
SONDOTECNICAPNB,SOND6
SPRINGSON,SGPS3
SPTURISON,AHEB3
SPTURISPNA,AHEB5
SPTURISPNB,AHEB6
STARAON,STTR3
STATKRAFTON,STKF3
SUDESTEON,OPSE3B
SUL 116 PARTON,OPTS3B
SUL AMERICAON,SULA3
SUL AMERICAPN,SULA4
SUL AMERICAUNT N2,SULA11
SUZANO HOLDON,NEMO3
SUZANO HOLDPNA,NEMO5
SUZANO HOLDPNB,NEMO6
SUZANO PAPELON,SUZB3
SUZANO PAPELPNA,SUZB5
SUZANO S.A.ON,SUZB3
TAESAON,TAEE3
TAESAPN,TAEE4
TAESAUNT N2,TAEE11
TAURUS ARMASON,TASA3
TAURUS ARMASPN,TASA4
TECHNOSON,TECN3
TECNISAON,TCSA3
TECNOSOLOON,TCNO3
TECNOSOLOPN,TCNO4
TEGMA GESTAOON,TGMA3
TEGMAON,TGMA3
TEKAON,TEKA3
TEKAPN,TEKA4
TEKNOON,TKNO3
TEKNOPN,TKNO4
TELEBRASON,TELB3
TELEBRASPN,TELB4
TELEF BRASILON,VIVT3
TENDAON,TEND3
TERRA SANTA PA,LAND3
TERRA SANTAON,TESA3
TERRA SANTAPA,LAND3
TERRASANTAPA,LAND3
TEX RENAUXON,TXRX3
TEX RENAUXPN,TXRX4
TIME FOR FUNON,SHOW3
TIMON,TIMS3
TOTVSON,TOTS3
TRACK FIELDPN,TFCO4
TRAN PAULISTON,TRPL3
TRAN PAULISTPN,TRPL4
TREVISAON,LUXM3
TREVISAPN,LUXM4
TRISUL S.A.ON,TRIS3
TRISULON,TRIS3
TRIUNFO PARTON,TPIS3
TUPYON,TUPY3
ULTRAPARON,UGPA3
UNIBANCOUNT,UBBR11
UNICASAON,UCAS3
UNIPAR CARBOPNB,UNIP6
UNIPARON,UNIP3
UNIPARPNA,UNIP5
UNIPARPNB,UNIP6
UPTICKON,UPKP3
USIMINASON,USIM3
USIMINASPNA,USIM5
USIMINASPNB,USIM6
USINAS SID DPNA,USIM5
VALE R DOCEPNA,VALE5
VALEON,VALE3
VALEPNA,VALE5
VALID SOLUÇÕON,VALID3
VALIDON,VLID3
VAMOSON,VAMO3
VIAVAREJOON,VVAR3
VIVARA S.A.ON,VIVA3
VIVERON,VIVR3
VULCABRASON,VULC3
WEG S.A.ON,WEGE3
WEGON,WEGE3
WEGON ED,WEGE4
WESTWINGON,WEST3
WETZEL S/AON,MWET3
WETZEL S/APN,MWET4
WHIRLPOOLON,WHRL3
WHIRLPOOLPN,WHRL4
WILSON SONSON,WSON33
WIZ S.A.ON,WIZS3
WIZ S.AON,WIZS3
WLM IND COMON,WLMM3
WLM IND COMPN,WLMM4
YDUQS PARTON,YDUQ3
